"ID","Year","LocationAbbr","LocationDesc","Class","Topic","Indicator","Response","DataSource","Data_Value_Unit","Data_Value_Type","Data_Value","Data_Value_Footnote_Symbol","Data_Value_Footnote","Low_Confidence_Limit","High_Confidence_Limit","Sample_Size","Stratification","StratificationType","IndicatorId","LocationOrder","ParentStateDisplayOrder","FootnoteType","FootNoteSymbol","FootnoteText","URL","DatasourceAbbr","Agency"
"4628994","2022","US","All States, DC and Territories (median) **","Chronic Health Indicators","Diabetes","Have you ever been told by a doctor that you have diabetes?","Yes","BRFSS","%","Crude Prevalence","11.6","**","** Median value reported with no confidence intervals.","","","54","Overall","Overall","DIABETE4","1","1","","","","","",""
"4628995","2022","US","All States, DC and Territories (median) **","Chronic Health Indicators","Diabetes","Have you ever been told by a doctor that you have diabetes?","Yes, pregnancy-related","BRFSS","%","Crude Prevalence","0.9","**","** Median value reported with no confidence intervals.","","","54","Overall","Overall","DIABETE4","1","1","","","","","",""
"4628996","2022","US","All States, DC and Territories (median) **","Chronic Health Indicators","Diabetes","Have you ever been told by a doctor that you have diabetes?","No, pre-diabetes or borderline diabetes","BRFSS","%","Crude Prevalence","2.2","**","** Median value reported with no confidence intervals.","","","54","Overall","Overall","DIABETE4","1","1","","","","","",""
"4628997","2022","US","All States, DC and Territories (median) **","Chronic Health Indicators","Diabetes","Have you ever been told by a doctor that you have diabetes?","No","BRFSS","%","Crude Prevalence","85.3","**","** Median value reported with no confidence intervals.","","","54","Overall","Overall","DIABETE4","1","1","","","","","",""
"4628827","2022","UW","All States and DC (median) **","Chronic Health Indicators","Diabetes","Have you ever been told by a doctor that you have diabetes?","Yes","BRFSS","%","Crude Prevalence","11.5","**","** Median value reported with no confidence intervals.","","","51","Overall","Overall","DIABETE4","2","2","","","","","",""
"4628828","2022","UW","All States and DC (median) **","Chronic Health Indicators","Diabetes","Have you ever been told by a doctor that you have diabetes?","Yes, pregnancy-related","BRFSS","%","Crude Prevalence","0.9","**","** Median value reported with no confidence intervals.","","","51","Overall","Overall","DIABETE4","2","2","","","","","",""
"4628829","2022","UW","All States and DC (median) **","Chronic Health Indicators","Diabetes","Have you ever been told by a doctor that you have diabetes?","No, pre-diabetes or borderline diabetes","BRFSS","%","Crude Prevalence","2.1","**","** Median value reported with no confidence intervals.","","","51","Overall","Overall","DIABETE4","2","2","","","","","",""
"4628830","2022","UW","All States and DC (median) **","Chronic Health Indicators","Diabetes","Have you ever been told by a doctor that you have diabetes?","No","BRFSS","%","Crude Prevalence","85.5","**","** Median value reported with no confidence intervals.","","","51","Overall","Overall","DIABETE4","2","2","","","","","",""
"4620649","2022","AL","Alabama","Chronic Health Indicators","Diabetes","Have you ever been told by a doctor that you have diabetes?","Yes","BRFSS","%","Crude Prevalence","15.5","","","14.2","16.9","894","Overall","Overall","DIABETE4","3","3","","","","","",""
"4620650","2022","AL","Alabama","Chronic Health Indicators","Diabetes","Have you ever been told by a doctor that you have diabetes?","Yes, pregnancy-related","BRFSS","%","Crude Prevalence","0.9","","","0.5","1.3","37","Overall","Overall","DIABETE4","3","3","","","","","",""
"4620651","2022","AL","Alabama","Chronic Health Indicators","Diabetes","Have you ever been told by a doctor that you have diabetes?","No, pre-diabetes or borderline diabetes","BRFSS","%","Crude Prevalence","1.4","","","0.8","2.0","58","Overall","Overall","DIABETE4","3","3","","","","","",""
"4620652","2022","AL","Alabama","Chronic Health Indicators","Diabetes","Have you ever been told by a doctor that you have diabetes?","No","BRFSS","%","Crude Prevalence","82.2","","","80.7","83.6","3507","Overall","Overall","DIABETE4","3","3","","","","","",""
"4625100","2022","AK","Alaska","Chronic Health Indicators","Diabetes","Have you ever been told by a doctor that you have diabetes?","Yes","BRFSS","%","Crude Prevalence","8.7","","","7.8","9.7","605","Overall","Overall","DIABETE4","4","4","","","","","",""
"4625101","2022","AK","Alaska","Chronic Health Indicators","Diabetes","Have you ever been told by a doctor that you have diabetes?","Yes, pregnancy-related","BRFSS","%","Crude Prevalence","1.4","","","0.8","2.0","54","Overall","Overall","DIABETE4","4","4","","","","","",""
"4625102","2022","AK","Alaska","Chronic Health Indicators","Diabetes","Have you ever been told by a doctor that you have diabetes?","No, pre-diabetes or borderline diabetes","BRFSS","%","Crude Prevalence","2.3","","","1.8","2.8","145","Overall","Overall","DIABETE4","4","4","","","","","",""
"4625103","2022","AK","Alaska","Chronic Health Indicators","Diabetes","Have you ever been told by a doctor that you have diabetes?","No","BRFSS","%","Crude Prevalence","87.6","","","86.4","88.8","5045","Overall","Overall","DIABETE4","4","4","","","","","",""
"4629885","2022","AZ","Arizona","Chronic Health Indicators","Diabetes","Have you ever been told by a doctor that you have diabetes?","Yes","BRFSS","%","Crude Prevalence","12.7","","","11.7","13.8","1555","Overall","Overall","DIABETE4","5","5","","","","","",""
"4629886","2022","AZ","Arizona","Chronic Health Indicators","Diabetes","Have you ever been told by a doctor that you have diabetes?","Yes, pregnancy-related","BRFSS","%","Crude Prevalence","1.1","","","0.7","1.4","77","Overall","Overall","DIABETE4","5","5","","","","","",""
"4629887","2022","AZ","Arizona","Chronic Health Indicators","Diabetes","Have you ever been told by a doctor that you have diabetes?","No, pre-diabetes or borderline diabetes","BRFSS","%","Crude Prevalence","2.6","","","2.1","3.0","287","Overall","Overall","DIABETE4","5","5","","","","","",""
"4629888","2022","AZ","Arizona","Chronic Health Indicators","Diabetes","Have you ever been told by a doctor that you have diabetes?","No","BRFSS","%","Crude Prevalence","83.7","","","82.5","84.8","8229","Overall","Overall","DIABETE4","5","5","","","","","",""
"4634336","2022","AR","Arkansas","Chronic Health Indicators","Diabetes","Have you ever been told by a doctor that you have diabetes?","Yes","BRFSS","%","Crude Prevalence","15.7","","","14.5","16.9","1025","Overall","Overall","DIABETE4","6","6","","","","","",""
"4634337","2022","AR","Arkansas","Chronic Health Indicators","Diabetes","Have you ever been told by a doctor that you have diabetes?","Yes, pregnancy-related","BRFSS","%","Crude Prevalence","0.9","","","0.6","1.3","39","Overall","Overall","DIABETE4","6","6","","","","","",""
"4634338","2022","AR","Arkansas","Chronic Health Indicators","Diabetes","Have you ever been told by a doctor that you have diabetes?","No, pre-diabetes or borderline diabetes","BRFSS","%","Crude Prevalence","2.2","","","1.7","2.8","102","Overall","Overall","DIABETE4","6","6","","","","","",""
"4634339","2022","AR","Arkansas","Chronic Health Indicators","Diabetes","Have you ever been told by a doctor that you have diabetes?","No","BRFSS","%","Crude Prevalence","81.1","","","79.8","82.4","4119","Overall","Overall","DIABETE4","6","6","","","","","",""
"4638787","2022","CA","California","Chronic Health Indicators","Diabetes","Have you ever been told by a doctor that you have diabetes?","Yes","BRFSS","%","Crude Prevalence","11.5","","","10.6","12.4","1220","Overall","Overall","DIABETE4","7","7","","","","","",""
"4638788","2022","CA","California","Chronic Health Indicators","Diabetes","Have you ever been told by a doctor that you have diabetes?","Yes, pregnancy-related","BRFSS","%","Crude Prevalence","1.3","","","1.0","1.7","104","Overall","Overall","DIABETE4","7","7","","","","","",""
"4638789","2022","CA","California","Chronic Health Indicators","Diabetes","Have you ever been told by a doctor that you have diabetes?","No, pre-diabetes or borderline diabetes","BRFSS","%","Crude Prevalence","3.1","","","2.5","3.6","295","Overall","Overall","DIABETE4","7","7","","","","","",""
"4638790","2022","CA","California","Chronic Health Indicators","Diabetes","Have you ever been told by a doctor that you have diabetes?","No","BRFSS","%","Crude Prevalence","84.1","","","83.0","85.2","9264","Overall","Overall","DIABETE4","7","7","","","","","",""
"4643238","2022","CO","Colorado","Chronic Health Indicators","Diabetes","Have you ever been told by a doctor that you have diabetes?","Yes","BRFSS","%","Crude Prevalence","8.1","","","7.4","8.9","826","Overall","Overall","DIABETE4","8","8","","","","","",""
"4643239","2022","CO","Colorado","Chronic Health Indicators","Diabetes","Have you ever been told by a doctor that you have diabetes?","Yes, pregnancy-related","BRFSS","%","Crude Prevalence","0.7","","","0.5","1.0","59","Overall","Overall","DIABETE4","8","8","","","","","",""
"4643240","2022","CO","Colorado","Chronic Health Indicators","Diabetes","Have you ever been told by a doctor that you have diabetes?","No, pre-diabetes or borderline diabetes","BRFSS","%","Crude Prevalence","2.3","","","1.9","2.6","229","Overall","Overall","DIABETE4","8","8","","","","","",""
"4643241","2022","CO","Colorado","Chronic Health Indicators","Diabetes","Have you ever been told by a doctor that you have diabetes?","No","BRFSS","%","Crude Prevalence","88.9","","","88.1","89.7","8227","Overall","Overall","DIABETE4","8","8","","","","","",""
"4647689","2022","CT","Connecticut","Chronic Health Indicators","Diabetes","Have you ever been told by a doctor that you have diabetes?","Yes","BRFSS","%","Crude Prevalence","10.7","","","9.7","11.7","1112","Overall","Overall","DIABETE4","9","9","","","","","",""
"4647690","2022","CT","Connecticut","Chronic Health Indicators","Diabetes","Have you ever been told by a doctor that you have diabetes?","Yes, pregnancy-related","BRFSS","%","Crude Prevalence","0.7","","","0.5","0.9","78","Overall","Overall","DIABETE4","9","9","","","","","",""
"4647691","2022","CT","Connecticut","Chronic Health Indicators","Diabetes","Have you ever been told by a doctor that you have diabetes?","No, pre-diabetes or borderline diabetes","BRFSS","%","Crude Prevalence","1.3","","","1.0","1.6","149","Overall","Overall","DIABETE4","9","9","","","","","",""
"4647692","2022","CT","Connecticut","Chronic Health Indicators","Diabetes","Have you ever been told by a doctor that you have diabetes?","No","BRFSS","%","Crude Prevalence","87.3","","","86.2","88.3","8419","Overall","Overall","DIABETE4","9","9","","","","","",""
"4652140","2022","DE","Delaware","Chronic Health Indicators","Diabetes","Have you ever been told by a doctor that you have diabetes?","Yes","BRFSS","%","Crude Prevalence","13.9","","","12.4","15.3","608","Overall","Overall","DIABETE4","10","10","","","","","",""
"4652141","2022","DE","Delaware","Chronic Health Indicators","Diabetes","Have you ever been told by a doctor that you have diabetes?","Yes, pregnancy-related","BRFSS","%","Crude Prevalence","1.2","","","0.7","1.7","44","Overall","Overall","DIABETE4","10","10","","","","","",""
"4652142","2022","DE","Delaware","Chronic Health Indicators","Diabetes","Have you ever been told by a doctor that you have diabetes?","No, pre-diabetes or borderline diabetes","BRFSS","%","Crude Prevalence","2.8","","","2.1","3.6","120","Overall","Overall","DIABETE4","10","10","","","","","",""
"4652143","2022","DE","Delaware","Chronic Health Indicators","Diabetes","Have you ever been told by a doctor that you have diabetes?","No","BRFSS","%","Crude Prevalence","82.1","","","80.5","83.8","3210","Overall","Overall","DIABETE4","10","10","","","","","",""
"4656591","2022","DC","District of Columbia","Chronic Health Indicators","Diabetes","Have you ever been told by a doctor that you have diabetes?","Yes","BRFSS","%","Crude Prevalence","8.0","","","6.9","9.2","326","Overall","Overall","DIABETE4","11","11","","","","","",""
"4656592","2022","DC","District of Columbia","Chronic Health Indicators","Diabetes","Have you ever been told by a doctor that you have diabetes?","Yes, pregnancy-related","BRFSS","%","Crude Prevalence","*","*","Prevalence estimate not available if the unweighted sample size for the denominator was < 50 or the Relative Standard Error (RSE) is > 0.3 or if the state did not collect data for that calendar year.","","","19","Overall","Overall","DIABETE4","11","11","","","","","",""
"4656593","2022","DC","District of Columbia","Chronic Health Indicators","Diabetes","Have you ever been told by a doctor that you have diabetes?","No, pre-diabetes or borderline diabetes","BRFSS","%","Crude Prevalence","1.8","","","1.2","2.3","68","Overall","Overall","DIABETE4","11","11","","","","","",""
"4656594","2022","DC","District of Columbia","Chronic Health Indicators","Diabetes","Have you ever been told by a doctor that you have diabetes?","No","BRFSS","%","Crude Prevalence","89.6","","","88.3","91.0","2818","Overall","Overall","DIABETE4","11","11","","","","","",""
"4661042","2022","FL","Florida","Chronic Health Indicators","Diabetes","Have you ever been told by a doctor that you have diabetes?","Yes","BRFSS","%","Crude Prevalence","12.2","","","11.1","13.4","2103","Overall","Overall","DIABETE4","12","12","","","","","",""
"4661043","2022","FL","Florida","Chronic Health Indicators","Diabetes","Have you ever been told by a doctor that you have diabetes?","Yes, pregnancy-related","BRFSS","%","Crude Prevalence","0.9","","","0.5","1.2","87","Overall","Overall","DIABETE4","12","12","","","","","",""
"4661044","2022","FL","Florida","Chronic Health Indicators","Diabetes","Have you ever been told by a doctor that you have diabetes?","No, pre-diabetes or borderline diabetes","BRFSS","%","Crude Prevalence","1.8","","","1.3","2.3","264","Overall","Overall","DIABETE4","12","12","","","","","",""
"4661045","2022","FL","Florida","Chronic Health Indicators","Diabetes","Have you ever been told by a doctor that you have diabetes?","No","BRFSS","%","Crude Prevalence","85.1","","","83.9","86.3","10902","Overall","Overall","DIABETE4","12","12","","","","","",""
"4665493","2022","GA","Georgia","Chronic Health Indicators","Diabetes","Have you ever been told by a doctor that you have diabetes?","Yes","BRFSS","%","Crude Prevalence","12.1","","","11.2","13.0","1523","Overall","Overall","DIABETE4","13","13","","","","","",""
"4665494","2022","GA","Georgia","Chronic Health Indicators","Diabetes","Have you ever been told by a doctor that you have diabetes?","Yes, pregnancy-related","BRFSS","%","Crude Prevalence","0.6","","","0.4","0.8","62","Overall","Overall","DIABETE4","13","13","","","","","",""
"4665495","2022","GA","Georgia","Chronic Health Indicators","Diabetes","Have you ever been told by a doctor that you have diabetes?","No, pre-diabetes or borderline diabetes","BRFSS","%","Crude Prevalence","1.6","","","1.3","2.0","204","Overall","Overall","DIABETE4","13","13","","","","","",""
"4665496","2022","GA","Georgia","Chronic Health Indicators","Diabetes","Have you ever been told by a doctor that you have diabetes?","No","BRFSS","%","Crude Prevalence","85.7","","","84.7","86.6","7432","Overall","Overall","DIABETE4","13","13","","","","","",""
"4674395","2022","HI","Hawaii","Chronic Health Indicators","Diabetes","Have you ever been told by a doctor that you have diabetes?","Yes","BRFSS","%","Crude Prevalence","11.7","","","10.8","12.7","1017","Overall","Overall","DIABETE4","14","14","","","","","",""
"4674396","2022","HI","Hawaii","Chronic Health Indicators","Diabetes","Have you ever been told by a doctor that you have diabetes?","Yes, pregnancy-related","BRFSS","%","Crude Prevalence","1.1","","","0.8","1.4","79","Overall","Overall","DIABETE4","14","14","","","","","",""
"4674397","2022","HI","Hawaii","Chronic Health Indicators","Diabetes","Have you ever been told by a doctor that you have diabetes?","No, pre-diabetes or borderline diabetes","BRFSS","%","Crude Prevalence","3.3","","","2.7","3.8","244","Overall","Overall","DIABETE4","14","14","","","","","",""
"4674398","2022","HI","Hawaii","Chronic Health Indicators","Diabetes","Have you ever been told by a doctor that you have diabetes?","No","BRFSS","%","Crude Prevalence","83.9","","","82.8","85.0","6399","Overall","Overall","DIABETE4","14","14","","","","","",""
"4678846","2022","ID","Idaho","Chronic Health Indicators","Diabetes","Have you ever been told by a doctor that you have diabetes?","Yes","BRFSS","%","Crude Prevalence","9.9","","","9.0","10.7","704","Overall","Overall","DIABETE4","15","15","","","","","",""
"4678847","2022","ID","Idaho","Chronic Health Indicators","Diabetes","Have you ever been told by a doctor that you have diabetes?","Yes, pregnancy-related","BRFSS","%","Crude Prevalence","1.4","","","1.0","1.7","83","Overall","Overall","DIABETE4","15","15","","","","","",""
"4678848","2022","ID","Idaho","Chronic Health Indicators","Diabetes","Have you ever been told by a doctor that you have diabetes?","No, pre-diabetes or borderline diabetes","BRFSS","%","Crude Prevalence","2.1","","","1.7","2.5","146","Overall","Overall","DIABETE4","15","15","","","","","",""
"4678849","2022","ID","Idaho","Chronic Health Indicators","Diabetes","Have you ever been told by a doctor that you have diabetes?","No","BRFSS","%","Crude Prevalence","86.6","","","85.6","87.6","5329","Overall","Overall","DIABETE4","15","15","","","","","",""
"4683297","2022","IL","Illinois","Chronic Health Indicators","Diabetes","Have you ever been told by a doctor that you have diabetes?","Yes","BRFSS","%","Crude Prevalence","12.0","","","10.8","13.3","536","Overall","Overall","DIABETE4","16","16","","","","","",""
"4683298","2022","IL","Illinois","Chronic Health Indicators","Diabetes","Have you ever been told by a doctor that you have diabetes?","Yes, pregnancy-related","BRFSS","%","Crude Prevalence","1.0","","","0.6","1.4","34","Overall","Overall","DIABETE4","16","16","","","","","",""
"4683299","2022","IL","Illinois","Chronic Health Indicators","Diabetes","Have you ever been told by a doctor that you have diabetes?","No, pre-diabetes or borderline diabetes","BRFSS","%","Crude Prevalence","1.9","","","1.5","2.3","97","Overall","Overall","DIABETE4","16","16","","","","","",""
"4683300","2022","IL","Illinois","Chronic Health Indicators","Diabetes","Have you ever been told by a doctor that you have diabetes?","No","BRFSS","%","Crude Prevalence","85.1","","","83.8","86.5","3382","Overall","Overall","DIABETE4","16","16","","","","","",""
"4687748","2022","IN","Indiana","Chronic Health Indicators","Diabetes","Have you ever been told by a doctor that you have diabetes?","Yes","BRFSS","%","Crude Prevalence","12.7","","","11.9","13.4","1673","Overall","Overall","DIABETE4","17","17","","","","","",""
"4687749","2022","IN","Indiana","Chronic Health Indicators","Diabetes","Have you ever been told by a doctor that you have diabetes?","Yes, pregnancy-related","BRFSS","%","Crude Prevalence","0.9","","","0.7","1.2","79","Overall","Overall","DIABETE4","17","17","","","","","",""
"4687750","2022","IN","Indiana","Chronic Health Indicators","Diabetes","Have you ever been told by a doctor that you have diabetes?","No, pre-diabetes or borderline diabetes","BRFSS","%","Crude Prevalence","1.7","","","1.4","2.0","194","Overall","Overall","DIABETE4","17","17","","","","","",""
"4687751","2022","IN","Indiana","Chronic Health Indicators","Diabetes","Have you ever been told by a doctor that you have diabetes?","No","BRFSS","%","Crude Prevalence","84.7","","","83.9","85.5","8483","Overall","Overall","DIABETE4","17","17","","","","","",""
"4692199","2022","IA","Iowa","Chronic Health Indicators","Diabetes","Have you ever been told by a doctor that you have diabetes?","Yes","BRFSS","%","Crude Prevalence","11.6","","","10.8","12.4","1224","Overall","Overall","DIABETE4","18","18","","","","","",""
"4692200","2022","IA","Iowa","Chronic Health Indicators","Diabetes","Have you ever been told by a doctor that you have diabetes?","Yes, pregnancy-related","BRFSS","%","Crude Prevalence","0.8","","","0.6","1.1","68","Overall","Overall","DIABETE4","18","18","","","","","",""
"4692201","2022","IA","Iowa","Chronic Health Indicators","Diabetes","Have you ever been told by a doctor that you have diabetes?","No, pre-diabetes or borderline diabetes","BRFSS","%","Crude Prevalence","1.5","","","1.2","1.8","141","Overall","Overall","DIABETE4","18","18","","","","","",""
"4692202","2022","IA","Iowa","Chronic Health Indicators","Diabetes","Have you ever been told by a doctor that you have diabetes?","No","BRFSS","%","Crude Prevalence","86.1","","","85.2","87.0","7500","Overall","Overall","DIABETE4","18","18","","","","","",""
"4696650","2022","KS","Kansas","Chronic Health Indicators","Diabetes","Have you ever been told by a doctor that you have diabetes?","Yes","BRFSS","%","Crude Prevalence","11.4","","","10.7","12.2","1667","Overall","Overall","DIABETE4","19","19","","","","","",""
"4696651","2022","KS","Kansas","Chronic Health Indicators","Diabetes","Have you ever been told by a doctor that you have diabetes?","Yes, pregnancy-related","BRFSS","%","Crude Prevalence","1.1","","","0.7","1.4","104","Overall","Overall","DIABETE4","19","19","","","","","",""
"4696652","2022","KS","Kansas","Chronic Health Indicators","Diabetes","Have you ever been told by a doctor that you have diabetes?","No, pre-diabetes or borderline diabetes","BRFSS","%","Crude Prevalence","2.0","","","1.7","2.4","249","Overall","Overall","DIABETE4","19","19","","","","","",""
"4696653","2022","KS","Kansas","Chronic Health Indicators","Diabetes","Have you ever been told by a doctor that you have diabetes?","No","BRFSS","%","Crude Prevalence","85.5","","","84.6","86.4","9212","Overall","Overall","DIABETE4","19","19","","","","","",""
"4701101","2022","KY","Kentucky","Chronic Health Indicators","Diabetes","Have you ever been told by a doctor that you have diabetes?","Yes","BRFSS","%","Crude Prevalence","14.8","","","13.3","16.2","698","Overall","Overall","DIABETE4","20","20","","","","","",""
"4701102","2022","KY","Kentucky","Chronic Health Indicators","Diabetes","Have you ever been told by a doctor that you have diabetes?","Yes, pregnancy-related","BRFSS","%","Crude Prevalence","1.9","","","1.4","2.4","85","Overall","Overall","DIABETE4","20","20","","","","","",""
"4701103","2022","KY","Kentucky","Chronic Health Indicators","Diabetes","Have you ever been told by a doctor that you have diabetes?","No, pre-diabetes or borderline diabetes","BRFSS","%","Crude Prevalence","1.6","","","1.1","2.1","76","Overall","Overall","DIABETE4","20","20","","","","","",""
"4701104","2022","KY","Kentucky","Chronic Health Indicators","Diabetes","Have you ever been told by a doctor that you have diabetes?","No","BRFSS","%","Crude Prevalence","81.8","","","80.2","83.3","3150","Overall","Overall","DIABETE4","20","20","","","","","",""
"4705552","2022","LA","Louisiana","Chronic Health Indicators","Diabetes","Have you ever been told by a doctor that you have diabetes?","Yes","BRFSS","%","Crude Prevalence","14.7","","","13.6","15.8","996","Overall","Overall","DIABETE4","21","21","","","","","",""
"4705553","2022","LA","Louisiana","Chronic Health Indicators","Diabetes","Have you ever been told by a doctor that you have diabetes?","Yes, pregnancy-related","BRFSS","%","Crude Prevalence","1.4","","","0.9","1.8","64","Overall","Overall","DIABETE4","21","21","","","","","",""
"4705554","2022","LA","Louisiana","Chronic Health Indicators","Diabetes","Have you ever been told by a doctor that you have diabetes?","No, pre-diabetes or borderline diabetes","BRFSS","%","Crude Prevalence","2.7","","","2.1","3.2","161","Overall","Overall","DIABETE4","21","21","","","","","",""
"4705555","2022","LA","Louisiana","Chronic Health Indicators","Diabetes","Have you ever been told by a doctor that you have diabetes?","No","BRFSS","%","Crude Prevalence","81.3","","","80.0","82.6","4383","Overall","Overall","DIABETE4","21","21","","","","","",""
"4710003","2022","ME","Maine","Chronic Health Indicators","Diabetes","Have you ever been told by a doctor that you have diabetes?","Yes","BRFSS","%","Crude Prevalence","11.1","","","10.2","12.0","1337","Overall","Overall","DIABETE4","22","22","","","","","",""
"4710004","2022","ME","Maine","Chronic Health Indicators","Diabetes","Have you ever been told by a doctor that you have diabetes?","Yes, pregnancy-related","BRFSS","%","Crude Prevalence","1.6","","","1.2","1.9","143","Overall","Overall","DIABETE4","22","22","","","","","",""
"4710005","2022","ME","Maine","Chronic Health Indicators","Diabetes","Have you ever been told by a doctor that you have diabetes?","No, pre-diabetes or borderline diabetes","BRFSS","%","Crude Prevalence","1.8","","","1.5","2.1","232","Overall","Overall","DIABETE4","22","22","","","","","",""
"4710006","2022","ME","Maine","Chronic Health Indicators","Diabetes","Have you ever been told by a doctor that you have diabetes?","No","BRFSS","%","Crude Prevalence","85.6","","","84.6","86.5","8907","Overall","Overall","DIABETE4","22","22","","","","","",""
"4714454","2022","MD","Maryland","Chronic Health Indicators","Diabetes","Have you ever been told by a doctor that you have diabetes?","Yes","BRFSS","%","Crude Prevalence","12.0","","","11.2","12.7","2422","Overall","Overall","DIABETE4","23","23","","","","","",""
"4714455","2022","MD","Maryland","Chronic Health Indicators","Diabetes","Have you ever been told by a doctor that you have diabetes?","Yes, pregnancy-related","BRFSS","%","Crude Prevalence","0.9","","","0.6","1.1","113","Overall","Overall","DIABETE4","23","23","","","","","",""
"4714456","2022","MD","Maryland","Chronic Health Indicators","Diabetes","Have you ever been told by a doctor that you have diabetes?","No, pre-diabetes or borderline diabetes","BRFSS","%","Crude Prevalence","2.8","","","2.4","3.2","435","Overall","Overall","DIABETE4","23","23","","","","","",""
"4714457","2022","MD","Maryland","Chronic Health Indicators","Diabetes","Have you ever been told by a doctor that you have diabetes?","No","BRFSS","%","Crude Prevalence","84.4","","","83.6","85.3","13403","Overall","Overall","DIABETE4","23","23","","","","","",""
"4718905","2022","MA","Massachusetts","Chronic Health Indicators","Diabetes","Have you ever been told by a doctor that you have diabetes?","Yes","BRFSS","%","Crude Prevalence","10.5","","","9.6","11.3","1122","Overall","Overall","DIABETE4","24","24","","","","","",""
"4718906","2022","MA","Massachusetts","Chronic Health Indicators","Diabetes","Have you ever been told by a doctor that you have diabetes?","Yes, pregnancy-related","BRFSS","%","Crude Prevalence","1.8","","","1.5","2.1","183","Overall","Overall","DIABETE4","24","24","","","","","",""
"4718907","2022","MA","Massachusetts","Chronic Health Indicators","Diabetes","Have you ever been told by a doctor that you have diabetes?","No, pre-diabetes or borderline diabetes","BRFSS","%","Crude Prevalence","2.3","","","1.9","2.7","254","Overall","Overall","DIABETE4","24","24","","","","","",""
"4718908","2022","MA","Massachusetts","Chronic Health Indicators","Diabetes","Have you ever been told by a doctor that you have diabetes?","No","BRFSS","%","Crude Prevalence","85.4","","","84.5","86.4","9443","Overall","Overall","DIABETE4","24","24","","","","","",""
"4723356","2022","MI","Michigan","Chronic Health Indicators","Diabetes","Have you ever been told by a doctor that you have diabetes?","Yes","BRFSS","%","Crude Prevalence","11.6","","","10.9","12.4","1360","Overall","Overall","DIABETE4","25","25","","","","","",""
"4723357","2022","MI","Michigan","Chronic Health Indicators","Diabetes","Have you ever been told by a doctor that you have diabetes?","Yes, pregnancy-related","BRFSS","%","Crude Prevalence","0.7","","","0.5","0.9","68","Overall","Overall","DIABETE4","25","25","","","","","",""
"4723358","2022","MI","Michigan","Chronic Health Indicators","Diabetes","Have you ever been told by a doctor that you have diabetes?","No, pre-diabetes or borderline diabetes","BRFSS","%","Crude Prevalence","1.7","","","1.3","2.0","168","Overall","Overall","DIABETE4","25","25","","","","","",""
"4723359","2022","MI","Michigan","Chronic Health Indicators","Diabetes","Have you ever been told by a doctor that you have diabetes?","No","BRFSS","%","Crude Prevalence","86.0","","","85.2","86.8","8446","Overall","Overall","DIABETE4","25","25","","","","","",""
"4727807","2022","MN","Minnesota","Chronic Health Indicators","Diabetes","Have you ever been told by a doctor that you have diabetes?","Yes","BRFSS","%","Crude Prevalence","10.2","","","9.6","10.8","1896","Overall","Overall","DIABETE4","26","26","","","","","",""
"4727808","2022","MN","Minnesota","Chronic Health Indicators","Diabetes","Have you ever been told by a doctor that you have diabetes?","Yes, pregnancy-related","BRFSS","%","Crude Prevalence","1.0","","","0.8","1.2","136","Overall","Overall","DIABETE4","26","26","","","","","",""
"4727809","2022","MN","Minnesota","Chronic Health Indicators","Diabetes","Have you ever been told by a doctor that you have diabetes?","No, pre-diabetes or borderline diabetes","BRFSS","%","Crude Prevalence","2.0","","","1.7","2.2","364","Overall","Overall","DIABETE4","26","26","","","","","",""
"4727810","2022","MN","Minnesota","Chronic Health Indicators","Diabetes","Have you ever been told by a doctor that you have diabetes?","No","BRFSS","%","Crude Prevalence","86.9","","","86.2","87.6","14395","Overall","Overall","DIABETE4","26","26","","","","","",""
"4732258","2022","MS","Mississippi","Chronic Health Indicators","Diabetes","Have you ever been told by a doctor that you have diabetes?","Yes","BRFSS","%","Crude Prevalence","15.3","","","13.9","16.8","702","Overall","Overall","DIABETE4","27","27","","","","","",""
"4732259","2022","MS","Mississippi","Chronic Health Indicators","Diabetes","Have you ever been told by a doctor that you have diabetes?","Yes, pregnancy-related","BRFSS","%","Crude Prevalence","0.8","","","0.5","1.0","40","Overall","Overall","DIABETE4","27","27","","","","","",""
"4732260","2022","MS","Mississippi","Chronic Health Indicators","Diabetes","Have you ever been told by a doctor that you have diabetes?","No, pre-diabetes or borderline diabetes","BRFSS","%","Crude Prevalence","2.7","","","2.0","3.5","115","Overall","Overall","DIABETE4","27","27","","","","","",""
"4732261","2022","MS","Mississippi","Chronic Health Indicators","Diabetes","Have you ever been told by a doctor that you have diabetes?","No","BRFSS","%","Crude Prevalence","81.2","","","79.6","82.7","3369","Overall","Overall","DIABETE4","27","27","","","","","",""
"4736709","2022","MO","Missouri","Chronic Health Indicators","Diabetes","Have you ever been told by a doctor that you have diabetes?","Yes","BRFSS","%","Crude Prevalence","11.7","","","10.8","12.7","1043","Overall","Overall","DIABETE4","28","28","","","","","",""
"4736710","2022","MO","Missouri","Chronic Health Indicators","Diabetes","Have you ever been told by a doctor that you have diabetes?","Yes, pregnancy-related","BRFSS","%","Crude Prevalence","0.8","","","0.5","1.2","45","Overall","Overall","DIABETE4","28","28","","","","","",""
"4736711","2022","MO","Missouri","Chronic Health Indicators","Diabetes","Have you ever been told by a doctor that you have diabetes?","No, pre-diabetes or borderline diabetes","BRFSS","%","Crude Prevalence","2.5","","","2.0","2.9","204","Overall","Overall","DIABETE4","28","28","","","","","",""
"4736712","2022","MO","Missouri","Chronic Health Indicators","Diabetes","Have you ever been told by a doctor that you have diabetes?","No","BRFSS","%","Crude Prevalence","85.0","","","83.9","86.0","6124","Overall","Overall","DIABETE4","28","28","","","","","",""
"4741160","2022","MT","Montana","Chronic Health Indicators","Diabetes","Have you ever been told by a doctor that you have diabetes?","Yes","BRFSS","%","Crude Prevalence","8.4","","","7.7","9.2","790","Overall","Overall","DIABETE4","29","29","","","","","",""
"4741161","2022","MT","Montana","Chronic Health Indicators","Diabetes","Have you ever been told by a doctor that you have diabetes?","Yes, pregnancy-related","BRFSS","%","Crude Prevalence","0.5","","","0.3","0.7","30","Overall","Overall","DIABETE4","29","29","","","","","",""
"4741162","2022","MT","Montana","Chronic Health Indicators","Diabetes","Have you ever been told by a doctor that you have diabetes?","No, pre-diabetes or borderline diabetes","BRFSS","%","Crude Prevalence","2.1","","","1.7","2.6","153","Overall","Overall","DIABETE4","29","29","","","","","",""
"4741163","2022","MT","Montana","Chronic Health Indicators","Diabetes","Have you ever been told by a doctor that you have diabetes?","No","BRFSS","%","Crude Prevalence","89.0","","","88.1","89.8","6064","Overall","Overall","DIABETE4","29","29","","","","","",""
"4745611","2022","NE","Nebraska","Chronic Health Indicators","Diabetes","Have you ever been told by a doctor that you have diabetes?","Yes","BRFSS","%","Crude Prevalence","10.8","","","9.9","11.7","1078","Overall","Overall","DIABETE4","30","30","","","","","",""
"4745612","2022","NE","Nebraska","Chronic Health Indicators","Diabetes","Have you ever been told by a doctor that you have diabetes?","Yes, pregnancy-related","BRFSS","%","Crude Prevalence","1.0","","","0.7","1.3","63","Overall","Overall","DIABETE4","30","30","","","","","",""
"4745613","2022","NE","Nebraska","Chronic Health Indicators","Diabetes","Have you ever been told by a doctor that you have diabetes?","No, pre-diabetes or borderline diabetes","BRFSS","%","Crude Prevalence","1.8","","","1.4","2.2","138","Overall","Overall","DIABETE4","30","30","","","","","",""
"4745614","2022","NE","Nebraska","Chronic Health Indicators","Diabetes","Have you ever been told by a doctor that you have diabetes?","No","BRFSS","%","Crude Prevalence","86.4","","","85.4","87.4","6184","Overall","Overall","DIABETE4","30","30","","","","","",""
"4750062","2022","NV","Nevada","Chronic Health Indicators","Diabetes","Have you ever been told by a doctor that you have diabetes?","Yes","BRFSS","%","Crude Prevalence","10.1","","","8.7","11.4","396","Overall","Overall","DIABETE4","31","31","","","","","",""
"4750063","2022","NV","Nevada","Chronic Health Indicators","Diabetes","Have you ever been told by a doctor that you have diabetes?","Yes, pregnancy-related","BRFSS","%","Crude Prevalence","0.5","","","0.3","0.8","25","Overall","Overall","DIABETE4","31","31","","","","","",""
"4750064","2022","NV","Nevada","Chronic Health Indicators","Diabetes","Have you ever been told by a doctor that you have diabetes?","No, pre-diabetes or borderline diabetes","BRFSS","%","Crude Prevalence","2.3","","","1.6","3.0","71","Overall","Overall","DIABETE4","31","31","","","","","",""
"4750065","2022","NV","Nevada","Chronic Health Indicators","Diabetes","Have you ever been told by a doctor that you have diabetes?","No","BRFSS","%","Crude Prevalence","87.2","","","85.6","88.7","2689","Overall","Overall","DIABETE4","31","31","","","","","",""
"4754513","2022","NH","New Hampshire","Chronic Health Indicators","Diabetes","Have you ever been told by a doctor that you have diabetes?","Yes","BRFSS","%","Crude Prevalence","9.7","","","8.9","10.6","890","Overall","Overall","DIABETE4","32","32","","","","","",""
"4754514","2022","NH","New Hampshire","Chronic Health Indicators","Diabetes","Have you ever been told by a doctor that you have diabetes?","Yes, pregnancy-related","BRFSS","%","Crude Prevalence","1.0","","","0.6","1.4","52","Overall","Overall","DIABETE4","32","32","","","","","",""
"4754515","2022","NH","New Hampshire","Chronic Health Indicators","Diabetes","Have you ever been told by a doctor that you have diabetes?","No, pre-diabetes or borderline diabetes","BRFSS","%","Crude Prevalence","1.5","","","1.1","1.8","107","Overall","Overall","DIABETE4","32","32","","","","","",""
"4754516","2022","NH","New Hampshire","Chronic Health Indicators","Diabetes","Have you ever been told by a doctor that you have diabetes?","No","BRFSS","%","Crude Prevalence","87.8","","","86.8","88.8","5696","Overall","Overall","DIABETE4","32","32","","","","","",""
"4758964","2022","NJ","New Jersey","Chronic Health Indicators","Diabetes","Have you ever been told by a doctor that you have diabetes?","Yes","BRFSS","%","Crude Prevalence","10.9","","","9.8","11.9","882","Overall","Overall","DIABETE4","33","33","","","","","",""
"4758965","2022","NJ","New Jersey","Chronic Health Indicators","Diabetes","Have you ever been told by a doctor that you have diabetes?","Yes, pregnancy-related","BRFSS","%","Crude Prevalence","0.9","","","0.6","1.2","63","Overall","Overall","DIABETE4","33","33","","","","","",""
"4758966","2022","NJ","New Jersey","Chronic Health Indicators","Diabetes","Have you ever been told by a doctor that you have diabetes?","No, pre-diabetes or borderline diabetes","BRFSS","%","Crude Prevalence","2.3","","","1.8","2.7","172","Overall","Overall","DIABETE4","33","33","","","","","",""
"4758967","2022","NJ","New Jersey","Chronic Health Indicators","Diabetes","Have you ever been told by a doctor that you have diabetes?","No","BRFSS","%","Crude Prevalence","86.0","","","84.9","87.2","7076","Overall","Overall","DIABETE4","33","33","","","","","",""
"4763415","2022","NM","New Mexico","Chronic Health Indicators","Diabetes","Have you ever been told by a doctor that you have diabetes?","Yes","BRFSS","%","Crude Prevalence","12.6","","","11.3","13.9","685","Overall","Overall","DIABETE4","34","34","","","","","",""
"4763416","2022","NM","New Mexico","Chronic Health Indicators","Diabetes","Have you ever been told by a doctor that you have diabetes?","Yes, pregnancy-related","BRFSS","%","Crude Prevalence","0.7","","","0.4","1.1","31","Overall","Overall","DIABETE4","34","34","","","","","",""
"4763417","2022","NM","New Mexico","Chronic Health Indicators","Diabetes","Have you ever been told by a doctor that you have diabetes?","No, pre-diabetes or borderline diabetes","BRFSS","%","Crude Prevalence","3.2","","","2.5","4.0","153","Overall","Overall","DIABETE4","34","34","","","","","",""
"4763418","2022","NM","New Mexico","Chronic Health Indicators","Diabetes","Have you ever been told by a doctor that you have diabetes?","No","BRFSS","%","Crude Prevalence","83.5","","","82.0","84.9","3878","Overall","Overall","DIABETE4","34","34","","","","","",""
"4767866","2022","NY","New York","Chronic Health Indicators","Diabetes","Have you ever been told by a doctor that you have diabetes?","Yes","BRFSS","%","Crude Prevalence","11.3","","","10.6","12.0","2183","Overall","Overall","DIABETE4","35","35","","","","","",""
"4767867","2022","NY","New York","Chronic Health Indicators","Diabetes","Have you ever been told by a doctor that you have diabetes?","Yes, pregnancy-related","BRFSS","%","Crude Prevalence","0.7","","","0.5","0.8","110","Overall","Overall","DIABETE4","35","35","","","","","",""
"4767868","2022","NY","New York","Chronic Health Indicators","Diabetes","Have you ever been told by a doctor that you have diabetes?","No, pre-diabetes or borderline diabetes","BRFSS","%","Crude Prevalence","2.3","","","2.0","2.6","402","Overall","Overall","DIABETE4","35","35","","","","","",""
"4767869","2022","NY","New York","Chronic Health Indicators","Diabetes","Have you ever been told by a doctor that you have diabetes?","No","BRFSS","%","Crude Prevalence","85.7","","","85.0","86.5","15057","Overall","Overall","DIABETE4","35","35","","","","","",""
"4772317","2022","NC","North Carolina","Chronic Health Indicators","Diabetes","Have you ever been told by a doctor that you have diabetes?","Yes","BRFSS","%","Crude Prevalence","12.1","","","10.9","13.4","593","Overall","Overall","DIABETE4","36","36","","","","","",""
"4772318","2022","NC","North Carolina","Chronic Health Indicators","Diabetes","Have you ever been told by a doctor that you have diabetes?","Yes, pregnancy-related","BRFSS","%","Crude Prevalence","0.9","","","0.4","1.4","32","Overall","Overall","DIABETE4","36","36","","","","","",""
"4772319","2022","NC","North Carolina","Chronic Health Indicators","Diabetes","Have you ever been told by a doctor that you have diabetes?","No, pre-diabetes or borderline diabetes","BRFSS","%","Crude Prevalence","2.2","","","1.6","2.7","100","Overall","Overall","DIABETE4","36","36","","","","","",""
"4772320","2022","NC","North Carolina","Chronic Health Indicators","Diabetes","Have you ever been told by a doctor that you have diabetes?","No","BRFSS","%","Crude Prevalence","84.8","","","83.4","86.2","3767","Overall","Overall","DIABETE4","36","36","","","","","",""
"4776768","2022","ND","North Dakota","Chronic Health Indicators","Diabetes","Have you ever been told by a doctor that you have diabetes?","Yes","BRFSS","%","Crude Prevalence","9.6","","","8.6","10.5","510","Overall","Overall","DIABETE4","37","37","","","","","",""
"4776769","2022","ND","North Dakota","Chronic Health Indicators","Diabetes","Have you ever been told by a doctor that you have diabetes?","Yes, pregnancy-related","BRFSS","%","Crude Prevalence","0.9","","","0.5","1.2","33","Overall","Overall","DIABETE4","37","37","","","","","",""
"4776770","2022","ND","North Dakota","Chronic Health Indicators","Diabetes","Have you ever been told by a doctor that you have diabetes?","No, pre-diabetes or borderline diabetes","BRFSS","%","Crude Prevalence","1.8","","","1.4","2.3","90","Overall","Overall","DIABETE4","37","37","","","","","",""
"4776771","2022","ND","North Dakota","Chronic Health Indicators","Diabetes","Have you ever been told by a doctor that you have diabetes?","No","BRFSS","%","Crude Prevalence","87.8","","","86.7","88.9","3511","Overall","Overall","DIABETE4","37","37","","","","","",""
"4781219","2022","OH","Ohio","Chronic Health Indicators","Diabetes","Have you ever been told by a doctor that you have diabetes?","Yes","BRFSS","%","Crude Prevalence","13.1","","","12.3","13.8","2692","Overall","Overall","DIABETE4","38","38","","","","","",""
"4781220","2022","OH","Ohio","Chronic Health Indicators","Diabetes","Have you ever been told by a doctor that you have diabetes?","Yes, pregnancy-related","BRFSS","%","Crude Prevalence","0.8","","","0.6","1.0","121","Overall","Overall","DIABETE4","38","38","","","","","",""
"4781221","2022","OH","Ohio","Chronic Health Indicators","Diabetes","Have you ever been told by a doctor that you have diabetes?","No, pre-diabetes or borderline diabetes","BRFSS","%","Crude Prevalence","2.1","","","1.8","2.4","360","Overall","Overall","DIABETE4","38","38","","","","","",""
"4781222","2022","OH","Ohio","Chronic Health Indicators","Diabetes","Have you ever been told by a doctor that you have diabetes?","No","BRFSS","%","Crude Prevalence","84.1","","","83.4","84.9","13278","Overall","Overall","DIABETE4","38","38","","","","","",""
"4785670","2022","OK","Oklahoma","Chronic Health Indicators","Diabetes","Have you ever been told by a doctor that you have diabetes?","Yes","BRFSS","%","Crude Prevalence","13.3","","","12.3","14.3","924","Overall","Overall","DIABETE4","39","39","","","","","",""
"4785671","2022","OK","Oklahoma","Chronic Health Indicators","Diabetes","Have you ever been told by a doctor that you have diabetes?","Yes, pregnancy-related","BRFSS","%","Crude Prevalence","1.2","","","0.9","1.5","73","Overall","Overall","DIABETE4","39","39","","","","","",""
"4785672","2022","OK","Oklahoma","Chronic Health Indicators","Diabetes","Have you ever been told by a doctor that you have diabetes?","No, pre-diabetes or borderline diabetes","BRFSS","%","Crude Prevalence","2.9","","","2.4","3.4","183","Overall","Overall","DIABETE4","39","39","","","","","",""
"4785673","2022","OK","Oklahoma","Chronic Health Indicators","Diabetes","Have you ever been told by a doctor that you have diabetes?","No","BRFSS","%","Crude Prevalence","82.6","","","81.5","83.7","4574","Overall","Overall","DIABETE4","39","39","","","","","",""
"4790121","2022","OR","Oregon","Chronic Health Indicators","Diabetes","Have you ever been told by a doctor that you have diabetes?","Yes","BRFSS","%","Crude Prevalence","10.3","","","9.3","11.4","636","Overall","Overall","DIABETE4","40","40","","","","","",""
"4790122","2022","OR","Oregon","Chronic Health Indicators","Diabetes","Have you ever been told by a doctor that you have diabetes?","Yes, pregnancy-related","BRFSS","%","Crude Prevalence","1.5","","","1.1","1.9","74","Overall","Overall","DIABETE4","40","40","","","","","",""
"4790123","2022","OR","Oregon","Chronic Health Indicators","Diabetes","Have you ever been told by a doctor that you have diabetes?","No, pre-diabetes or borderline diabetes","BRFSS","%","Crude Prevalence","2.4","","","1.9","2.9","135","Overall","Overall","DIABETE4","40","40","","","","","",""
"4790124","2022","OR","Oregon","Chronic Health Indicators","Diabetes","Have you ever been told by a doctor that you have diabetes?","No","BRFSS","%","Crude Prevalence","85.8","","","84.6","86.9","4899","Overall","Overall","DIABETE4","40","40","","","","","",""
"4794572","2022","PA","Pennsylvania","Chronic Health Indicators","Diabetes","Have you ever been told by a doctor that you have diabetes?","Yes","BRFSS","%","Crude Prevalence","11.5","","","10.0","12.9","557","Overall","Overall","DIABETE4","41","41","","","","","",""
"4794573","2022","PA","Pennsylvania","Chronic Health Indicators","Diabetes","Have you ever been told by a doctor that you have diabetes?","Yes, pregnancy-related","BRFSS","%","Crude Prevalence","1.6","","","0.8","2.5","56","Overall","Overall","DIABETE4","41","41","","","","","",""
"4794574","2022","PA","Pennsylvania","Chronic Health Indicators","Diabetes","Have you ever been told by a doctor that you have diabetes?","No, pre-diabetes or borderline diabetes","BRFSS","%","Crude Prevalence","2.2","","","1.6","2.8","106","Overall","Overall","DIABETE4","41","41","","","","","",""
"4794575","2022","PA","Pennsylvania","Chronic Health Indicators","Diabetes","Have you ever been told by a doctor that you have diabetes?","No","BRFSS","%","Crude Prevalence","84.7","","","83.0","86.4","3850","Overall","Overall","DIABETE4","41","41","","","","","",""
"4803474","2022","RI","Rhode Island","Chronic Health Indicators","Diabetes","Have you ever been told by a doctor that you have diabetes?","Yes","BRFSS","%","Crude Prevalence","11.5","","","10.5","12.5","798","Overall","Overall","DIABETE4","42","42","","","","","",""
"4803475","2022","RI","Rhode Island","Chronic Health Indicators","Diabetes","Have you ever been told by a doctor that you have diabetes?","Yes, pregnancy-related","BRFSS","%","Crude Prevalence","0.7","","","0.4","0.9","37","Overall","Overall","DIABETE4","42","42","","","","","",""
"4803476","2022","RI","Rhode Island","Chronic Health Indicators","Diabetes","Have you ever been told by a doctor that you have diabetes?","No, pre-diabetes or borderline diabetes","BRFSS","%","Crude Prevalence","1.8","","","1.4","2.3","111","Overall","Overall","DIABETE4","42","42","","","","","",""
"4803477","2022","RI","Rhode Island","Chronic Health Indicators","Diabetes","Have you ever been told by a doctor that you have diabetes?","No","BRFSS","%","Crude Prevalence","86.0","","","84.8","87.1","4936","Overall","Overall","DIABETE4","42","42","","","","","",""
"4807925","2022","SC","South Carolina","Chronic Health Indicators","Diabetes","Have you ever been told by a doctor that you have diabetes?","Yes","BRFSS","%","Crude Prevalence","12.9","","","12.1","13.7","1653","Overall","Overall","DIABETE4","43","43","","","","","",""
"4807926","2022","SC","South Carolina","Chronic Health Indicators","Diabetes","Have you ever been told by a doctor that you have diabetes?","Yes, pregnancy-related","BRFSS","%","Crude Prevalence","0.9","","","0.7","1.2","77","Overall","Overall","DIABETE4","43","43","","","","","",""
"4807927","2022","SC","South Carolina","Chronic Health Indicators","Diabetes","Have you ever been told by a doctor that you have diabetes?","No, pre-diabetes or borderline diabetes","BRFSS","%","Crude Prevalence","1.9","","","1.6","2.3","211","Overall","Overall","DIABETE4","43","43","","","","","",""
"4807928","2022","SC","South Carolina","Chronic Health Indicators","Diabetes","Have you ever been told by a doctor that you have diabetes?","No","BRFSS","%","Crude Prevalence","84.2","","","83.3","85.2","8079","Overall","Overall","DIABETE4","43","43","","","","","",""
"4812376","2022","SD","South Dakota","Chronic Health Indicators","Diabetes","Have you ever been told by a doctor that you have diabetes?","Yes","BRFSS","%","Crude Prevalence","9.1","","","7.5","10.7","983","Overall","Overall","DIABETE4","44","44","","","","","",""
"4812377","2022","SD","South Dakota","Chronic Health Indicators","Diabetes","Have you ever been told by a doctor that you have diabetes?","Yes, pregnancy-related","BRFSS","%","Crude Prevalence","1.6","","","0.8","2.5","101","Overall","Overall","DIABETE4","44","44","","","","","",""
"4812378","2022","SD","South Dakota","Chronic Health Indicators","Diabetes","Have you ever been told by a doctor that you have diabetes?","No, pre-diabetes or borderline diabetes","BRFSS","%","Crude Prevalence","2.2","","","1.1","3.3","204","Overall","Overall","DIABETE4","44","44","","","","","",""
"4812379","2022","SD","South Dakota","Chronic Health Indicators","Diabetes","Have you ever been told by a doctor that you have diabetes?","No","BRFSS","%","Crude Prevalence","87.1","","","85.0","89.2","6106","Overall","Overall","DIABETE4","44","44","","","","","",""
"4816827","2022","TN","Tennessee","Chronic Health Indicators","Diabetes","Have you ever been told by a doctor that you have diabetes?","Yes","BRFSS","%","Crude Prevalence","14.8","","","13.6","16.0","926","Overall","Overall","DIABETE4","45","45","","","","","",""
"4816828","2022","TN","Tennessee","Chronic Health Indicators","Diabetes","Have you ever been told by a doctor that you have diabetes?","Yes, pregnancy-related","BRFSS","%","Crude Prevalence","1.1","","","0.7","1.5","54","Overall","Overall","DIABETE4","45","45","","","","","",""
"4816829","2022","TN","Tennessee","Chronic Health Indicators","Diabetes","Have you ever been told by a doctor that you have diabetes?","No, pre-diabetes or borderline diabetes","BRFSS","%","Crude Prevalence","2.1","","","1.6","2.5","134","Overall","Overall","DIABETE4","45","45","","","","","",""
"4816830","2022","TN","Tennessee","Chronic Health Indicators","Diabetes","Have you ever been told by a doctor that you have diabetes?","No","BRFSS","%","Crude Prevalence","82.0","","","80.8","83.3","4139","Overall","Overall","DIABETE4","45","45","","","","","",""
"4821278","2022","TX","Texas","Chronic Health Indicators","Diabetes","Have you ever been told by a doctor that you have diabetes?","Yes","BRFSS","%","Crude Prevalence","13.9","","","12.8","15.0","2298","Overall","Overall","DIABETE4","46","46","","","","","",""
"4821279","2022","TX","Texas","Chronic Health Indicators","Diabetes","Have you ever been told by a doctor that you have diabetes?","Yes, pregnancy-related","BRFSS","%","Crude Prevalence","1.0","","","0.6","1.3","110","Overall","Overall","DIABETE4","46","46","","","","","",""
"4821280","2022","TX","Texas","Chronic Health Indicators","Diabetes","Have you ever been told by a doctor that you have diabetes?","No, pre-diabetes or borderline diabetes","BRFSS","%","Crude Prevalence","2.4","","","1.9","3.0","293","Overall","Overall","DIABETE4","46","46","","","","","",""
"4821281","2022","TX","Texas","Chronic Health Indicators","Diabetes","Have you ever been told by a doctor that you have diabetes?","No","BRFSS","%","Crude Prevalence","82.7","","","81.5","83.9","11501","Overall","Overall","DIABETE4","46","46","","","","","",""
"4825729","2022","UT","Utah","Chronic Health Indicators","Diabetes","Have you ever been told by a doctor that you have diabetes?","Yes","BRFSS","%","Crude Prevalence","8.7","","","8.1","9.4","1089","Overall","Overall","DIABETE4","47","47","","","","","",""
"4825730","2022","UT","Utah","Chronic Health Indicators","Diabetes","Have you ever been told by a doctor that you have diabetes?","Yes, pregnancy-related","BRFSS","%","Crude Prevalence","1.4","","","1.0","1.7","120","Overall","Overall","DIABETE4","47","47","","","","","",""
"4825731","2022","UT","Utah","Chronic Health Indicators","Diabetes","Have you ever been told by a doctor that you have diabetes?","No, pre-diabetes or borderline diabetes","BRFSS","%","Crude Prevalence","2.6","","","2.2","3.0","287","Overall","Overall","DIABETE4","47","47","","","","","",""
"4825732","2022","UT","Utah","Chronic Health Indicators","Diabetes","Have you ever been told by a doctor that you have diabetes?","No","BRFSS","%","Crude Prevalence","87.3","","","86.5","88.1","8313","Overall","Overall","DIABETE4","47","47","","","","","",""
"4830180","2022","VT","Vermont","Chronic Health Indicators","Diabetes","Have you ever been told by a doctor that you have diabetes?","Yes","BRFSS","%","Crude Prevalence","8.4","","","7.6","9.2","834","Overall","Overall","DIABETE4","48","48","","","","","",""
"4830181","2022","VT","Vermont","Chronic Health Indicators","Diabetes","Have you ever been told by a doctor that you have diabetes?","Yes, pregnancy-related","BRFSS","%","Crude Prevalence","0.9","","","0.6","1.3","57","Overall","Overall","DIABETE4","48","48","","","","","",""
"4830182","2022","VT","Vermont","Chronic Health Indicators","Diabetes","Have you ever been told by a doctor that you have diabetes?","No, pre-diabetes or borderline diabetes","BRFSS","%","Crude Prevalence","1.3","","","1.0","1.6","130","Overall","Overall","DIABETE4","48","48","","","","","",""
"4830183","2022","VT","Vermont","Chronic Health Indicators","Diabetes","Have you ever been told by a doctor that you have diabetes?","No","BRFSS","%","Crude Prevalence","89.4","","","88.4","90.3","7778","Overall","Overall","DIABETE4","48","48","","","","","",""
"4839082","2022","VA","Virginia","Chronic Health Indicators","Diabetes","Have you ever been told by a doctor that you have diabetes?","Yes","BRFSS","%","Crude Prevalence","12.8","","","11.9","13.6","1686","Overall","Overall","DIABETE4","49","49","","","","","",""
"4839083","2022","VA","Virginia","Chronic Health Indicators","Diabetes","Have you ever been told by a doctor that you have diabetes?","Yes, pregnancy-related","BRFSS","%","Crude Prevalence","0.9","","","0.6","1.2","81","Overall","Overall","DIABETE4","49","49","","","","","",""
"4839084","2022","VA","Virginia","Chronic Health Indicators","Diabetes","Have you ever been told by a doctor that you have diabetes?","No, pre-diabetes or borderline diabetes","BRFSS","%","Crude Prevalence","2.4","","","1.9","2.8","264","Overall","Overall","DIABETE4","49","49","","","","","",""
"4839085","2022","VA","Virginia","Chronic Health Indicators","Diabetes","Have you ever been told by a doctor that you have diabetes?","No","BRFSS","%","Crude Prevalence","84.0","","","83.0","85.0","8370","Overall","Overall","DIABETE4","49","49","","","","","",""
"4843533","2022","WA","Washington","Chronic Health Indicators","Diabetes","Have you ever been told by a doctor that you have diabetes?","Yes","BRFSS","%","Crude Prevalence","9.7","","","9.2","10.1","3028","Overall","Overall","DIABETE4","50","50","","","","","",""
"4843534","2022","WA","Washington","Chronic Health Indicators","Diabetes","Have you ever been told by a doctor that you have diabetes?","Yes, pregnancy-related","BRFSS","%","Crude Prevalence","1.1","","","0.9","1.3","222","Overall","Overall","DIABETE4","50","50","","","","","",""
"4843535","2022","WA","Washington","Chronic Health Indicators","Diabetes","Have you ever been told by a doctor that you have diabetes?","No, pre-diabetes or borderline diabetes","BRFSS","%","Crude Prevalence","2.1","","","1.9","2.4","590","Overall","Overall","DIABETE4","50","50","","","","","",""
"4843536","2022","WA","Washington","Chronic Health Indicators","Diabetes","Have you ever been told by a doctor that you have diabetes?","No","BRFSS","%","Crude Prevalence","87.1","","","86.6","87.6","22263","Overall","Overall","DIABETE4","50","50","","","","","",""
"4847984","2022","WV","West Virginia","Chronic Health Indicators","Diabetes","Have you ever been told by a doctor that you have diabetes?","Yes","BRFSS","%","Crude Prevalence","17.4","","","16.2","18.6","1003","Overall","Overall","DIABETE4","51","51","","","","","",""
"4847985","2022","WV","West Virginia","Chronic Health Indicators","Diabetes","Have you ever been told by a doctor that you have diabetes?","Yes, pregnancy-related","BRFSS","%","Crude Prevalence","1.1","","","0.7","1.4","50","Overall","Overall","DIABETE4","51","51","","","","","",""
"4847986","2022","WV","West Virginia","Chronic Health Indicators","Diabetes","Have you ever been told by a doctor that you have diabetes?","No, pre-diabetes or borderline diabetes","BRFSS","%","Crude Prevalence","2.3","","","1.9","2.8","127","Overall","Overall","DIABETE4","51","51","","","","","",""
"4847987","2022","WV","West Virginia","Chronic Health Indicators","Diabetes","Have you ever been told by a doctor that you have diabetes?","No","BRFSS","%","Crude Prevalence","79.2","","","77.9","80.5","3793","Overall","Overall","DIABETE4","51","51","","","","","",""
"4852435","2022","WI","Wisconsin","Chronic Health Indicators","Diabetes","Have you ever been told by a doctor that you have diabetes?","Yes","BRFSS","%","Crude Prevalence","10.3","","","9.6","10.9","1506","Overall","Overall","DIABETE4","52","52","","","","","",""
"4852436","2022","WI","Wisconsin","Chronic Health Indicators","Diabetes","Have you ever been told by a doctor that you have diabetes?","Yes, pregnancy-related","BRFSS","%","Crude Prevalence","1.0","","","0.7","1.3","90","Overall","Overall","DIABETE4","52","52","","","","","",""
"4852437","2022","WI","Wisconsin","Chronic Health Indicators","Diabetes","Have you ever been told by a doctor that you have diabetes?","No, pre-diabetes or borderline diabetes","BRFSS","%","Crude Prevalence","2.0","","","1.6","2.3","260","Overall","Overall","DIABETE4","52","52","","","","","",""
"4852438","2022","WI","Wisconsin","Chronic Health Indicators","Diabetes","Have you ever been told by a doctor that you have diabetes?","No","BRFSS","%","Crude Prevalence","86.8","","","86.0","87.6","9388","Overall","Overall","DIABETE4","52","52","","","","","",""
"4856886","2022","WY","Wyoming","Chronic Health Indicators","Diabetes","Have you ever been told by a doctor that you have diabetes?","Yes","BRFSS","%","Crude Prevalence","9.3","","","8.4","10.3","526","Overall","Overall","DIABETE4","53","53","","","","","",""
"4856887","2022","WY","Wyoming","Chronic Health Indicators","Diabetes","Have you ever been told by a doctor that you have diabetes?","Yes, pregnancy-related","BRFSS","%","Crude Prevalence","*","*","Prevalence estimate not available if the unweighted sample size for the denominator was < 50 or the Relative Standard Error (RSE) is > 0.3 or if the state did not collect data for that calendar year.","","","13","Overall","Overall","DIABETE4","53","53","","","","","",""
"4856888","2022","WY","Wyoming","Chronic Health Indicators","Diabetes","Have you ever been told by a doctor that you have diabetes?","No, pre-diabetes or borderline diabetes","BRFSS","%","Crude Prevalence","2.0","","","1.5","2.5","90","Overall","Overall","DIABETE4","53","53","","","","","",""
"4856889","2022","WY","Wyoming","Chronic Health Indicators","Diabetes","Have you ever been told by a doctor that you have diabetes?","No","BRFSS","%","Crude Prevalence","88.4","","","87.4","89.5","3509","Overall","Overall","DIABETE4","53","53","","","","","",""
"4669944","2022","GU","Guam","Chronic Health Indicators","Diabetes","Have you ever been told by a doctor that you have diabetes?","Yes","BRFSS","%","Crude Prevalence","21.6","","","17.8","25.5","452","Overall","Overall","DIABETE4","56","56","","","","","",""
"4669945","2022","GU","Guam","Chronic Health Indicators","Diabetes","Have you ever been told by a doctor that you have diabetes?","Yes, pregnancy-related","BRFSS","%","Crude Prevalence","*","*","Prevalence estimate not available if the unweighted sample size for the denominator was < 50 or the Relative Standard Error (RSE) is > 0.3 or if the state did not collect data for that calendar year.","","","40","Overall","Overall","DIABETE4","56","56","","","","","",""
"4669946","2022","GU","Guam","Chronic Health Indicators","Diabetes","Have you ever been told by a doctor that you have diabetes?","No, pre-diabetes or borderline diabetes","BRFSS","%","Crude Prevalence","2.7","","","1.2","4.2","62","Overall","Overall","DIABETE4","56","56","","","","","",""
"4669947","2022","GU","Guam","Chronic Health Indicators","Diabetes","Have you ever been told by a doctor that you have diabetes?","No","BRFSS","%","Crude Prevalence","74.2","","","70.2","78.2","1707","Overall","Overall","DIABETE4","56","56","","","","","",""
"4799023","2022","PR","Puerto Rico","Chronic Health Indicators","Diabetes","Have you ever been told by a doctor that you have diabetes?","Yes","BRFSS","%","Crude Prevalence","17.7","","","16.4","19.1","1100","Overall","Overall","DIABETE4","60","60","","","","","",""
"4799024","2022","PR","Puerto Rico","Chronic Health Indicators","Diabetes","Have you ever been told by a doctor that you have diabetes?","Yes, pregnancy-related","BRFSS","%","Crude Prevalence","0.5","","","0.2","0.7","25","Overall","Overall","DIABETE4","60","60","","","","","",""
"4799025","2022","PR","Puerto Rico","Chronic Health Indicators","Diabetes","Have you ever been told by a doctor that you have diabetes?","No, pre-diabetes or borderline diabetes","BRFSS","%","Crude Prevalence","5.4","","","4.6","6.3","300","Overall","Overall","DIABETE4","60","60","","","","","",""
"4799026","2022","PR","Puerto Rico","Chronic Health Indicators","Diabetes","Have you ever been told by a doctor that you have diabetes?","No","BRFSS","%","Crude Prevalence","76.4","","","74.8","77.9","4069","Overall","Overall","DIABETE4","60","60","","","","","",""
"4834631","2022","VI","Virgin Islands","Chronic Health Indicators","Diabetes","Have you ever been told by a doctor that you have diabetes?","Yes","BRFSS","%","Crude Prevalence","15.9","","","11.5","20.4","266","Overall","Overall","DIABETE4","62","62","","","","","",""
"4834632","2022","VI","Virgin Islands","Chronic Health Indicators","Diabetes","Have you ever been told by a doctor that you have diabetes?","Yes, pregnancy-related","BRFSS","%","Crude Prevalence","*","*","Prevalence estimate not available if the unweighted sample size for the denominator was < 50 or the Relative Standard Error (RSE) is > 0.3 or if the state did not collect data for that calendar year.","","","12","Overall","Overall","DIABETE4","62","62","","","","","",""
"4834633","2022","VI","Virgin Islands","Chronic Health Indicators","Diabetes","Have you ever been told by a doctor that you have diabetes?","No, pre-diabetes or borderline diabetes","BRFSS","%","Crude Prevalence","7.1","","","3.8","10.3","95","Overall","Overall","DIABETE4","62","62","","","","","",""
"4834634","2022","VI","Virgin Islands","Chronic Health Indicators","Diabetes","Have you ever been told by a doctor that you have diabetes?","No","BRFSS","%","Crude Prevalence","76.4","","","71.2","81.7","1151","Overall","Overall","DIABETE4","62","62","","","","","",""
"","","","","","","","","","","","","","","","","","","","","","","Datasource","","Behavioral Risk Factor Surveillance System","http://www.cdc.gov/brfss","BRFSS","CDC"
"","","","","","","","","","","","","","","","","","","","","","","MeasureDefinitions","%","Percent","","",""
"","","","","","","","","","","","","","","","","","","","","","","MeasureDefinitions","CI","95% Confidence Interval","","",""
"","","","","","","","","","","","","","","","","","","","","","","MeasureDefinitions","n","“Sample Size”. Translates to the number of adult respondents who answered this question, or were assigned to this category based on question responses for a calculated variable, or the number of states included for a median.","","",""
"","","","","","","","","","","","","","","","","","","","","","","MeasureDefinitions","N/A","Translates to no data available for a record.","","",""
"","","","","","","","","","","","","","","","","","","","","","","MeasureDefinitions","No Data","Translates to no data available for record.","","",""
"","","","","","","","","","","","","","","","","","","","","","","SuggestedCitation","","Centers for Disease Control and Prevention, National Center for Chronic Disease Prevention and Health Promotion, Division of Population Health. BRFSS Prevalence & Trends Data [online]. 2015.","https://www.cdc.gov/brfss/brfssprevalence/","",""
"","","","","","","","","","","","","","","","","","","","","","","RelatedLinks","","Prevalence Data and Data Analysis Tools","/brfss/data_tools.htm","",""
"","","","","","","","","","","","","","","","","","","","","","","RelatedLinks","","Behavioral Risk Factor Surveillance System (BRFSS)","/brfss/index.html","",""
"","","","","","","","","","","","","","","","","","","","","","","RelatedLinks","","Division of Population Health","/nccdphp/dph/index.html","",""
"","","","","","","","","","","","","","","","","","","","","","","RelatedLinks","","Survey Data & Documentation","/brfss/data_documentation/index.htm","",""
